Product Name,Qty Change,Stock On Hand,Transaction Type,Audit Time
Frozen Lamb Skewers (Steel Skewer),6.01,6.01,,2025/4/30 23:48
Frozen Lamb Skewers (Steel Skewer),-4.2,1.81,Consumption Log,2025/5/1 23:03
Frozen Lamb Skewers (Steel Skewer),0.2,2.01,Stocktake Gain,2025/5/2 19:58
Frozen Lamb Skewers (Steel Skewer),10,12.01,Stock Receipt,2025/5/2 21:27
Frozen Lamb Skewers (Steel Skewer),-3.03,8.98,Consumption Log,2025/5/2 22:41
Frozen Lamb Skewers (Steel Skewer),-1.98,7,Stocktake Loss,2025/5/3 0:43
Frozen Lamb Skewers (Steel Skewer),-4.28,2.72,Consumption Log,2025/5/3 22:38
Frozen Lamb Skewers (Steel Skewer),0.28,3,Stocktake Gain,2025/5/4 22:00
Frozen Lamb Skewers (Steel Skewer),10,13,Stock Receipt,2025/5/4 22:00
Frozen Lamb Skewers (Steel Skewer),-1.85,11.15,Consumption Log,2025/5/4 22:39
Frozen Lamb Skewers (Steel Skewer),-2.83,8.32,Consumption Log,2025/5/4 22:39
Frozen Lamb Skewers (Steel Skewer),-3.05,5.27,Consumption Log,2025/5/5 22:41
Frozen Lamb Skewers (Steel Skewer),-0.28,4.99,Stocktake Loss,2025/5/6 21:11
Frozen Lamb Skewers (Steel Skewer),10,14.99,Stock Receipt,2025/5/6 22:04
Frozen Lamb Skewers (Steel Skewer),-0.7,14.29,Consumption Log,2025/5/6 22:23
Frozen Lamb Skewers (Steel Skewer),-0.3,13.99,Stocktake Loss,2025/5/6 23:58
Frozen Lamb Skewers (Steel Skewer),-1.18,12.81,Consumption Log,2025/5/7 22:25
Frozen Lamb Skewers (Steel Skewer),1.18,13.99,Stocktake Gain,2025/5/8 11:15
Frozen Lamb Skewers (Steel Skewer),-1.73,12.26,Consumption Log,2025/5/8 22:30
Frozen Lamb Skewers (Steel Skewer),-2.15,10.11,Consumption Log,2025/5/9 22:36
Frozen Lamb Skewers (Steel Skewer),-2.13,7.98,Stocktake Loss,2025/5/10 22:39
Frozen Lamb Skewers (Steel Skewer),-2,5.98,Stocktake Loss,2025/5/11 11:45
Frozen Lamb Skewers (Steel Skewer),-2.48,3.5,Consumption Log,2025/5/11 22:22
Frozen Lamb Skewers (Steel Skewer),-0.53,2.97,Stocktake Loss,2025/5/12 17:50
Frozen Lamb Skewers (Steel Skewer),10,12.97,Stock Receipt,2025/5/12 21:11
Frozen Lamb Skewers (Steel Skewer),-0.58,12.39,Consumption Log,2025/5/12 22:06
Frozen Lamb Skewers (Steel Skewer),-0.43,11.96,Stocktake Loss,2025/5/13 12:44
Frozen Lamb Skewers (Steel Skewer),-1.3,10.66,Consumption Log,2025/5/13 22:19
Frozen Lamb Skewers (Steel Skewer),0.3,10.96,Stocktake Gain,2025/5/14 22:15
Frozen Lamb Skewers (Steel Skewer),-0.83,10.13,Consumption Log,2025/5/14 22:24
Frozen Lamb Skewers (Steel Skewer),-0.63,9.5,Consumption Log,2025/5/15 22:10
Frozen Lamb Skewers (Steel Skewer),0.45,9.95,Stocktake Gain,2025/5/16 9:17
Frozen Lamb Skewers (Steel Skewer),-2.15,7.8,Consumption Log,2025/5/16 22:29
Frozen Lamb Skewers (Steel Skewer),-0.85,6.95,Stocktake Loss,2025/5/17 21:04
Frozen Lamb Skewers (Steel Skewer),-2.53,4.42,Consumption Log,2025/5/17 22:25
Frozen Lamb Skewers (Steel Skewer),0.53,4.95,Stocktake Gain,2025/5/18 11:01
Frozen Lamb Skewers (Steel Skewer),-0.03,4.92,Consumption Log,2025/5/18 22:46
Frozen Lamb Skewers (Steel Skewer),-0.2,4.72,Consumption Log,2025/5/18 22:46
Frozen Lamb Skewers (Steel Skewer),-0.3,4.42,Consumption Log,2025/5/18 22:46
Frozen Lamb Skewers (Steel Skewer),-0.35,4.07,Consumption Log,2025/5/18 22:46
Frozen Lamb Skewers (Steel Skewer),-1.4,2.67,Consumption Log,2025/5/18 22:46
Frozen Lamb Skewers (Steel Skewer),-0.28,2.39,Stocktake Loss,2025/5/19 20:08
Frozen Lamb Skewers (Steel Skewer),-0.45,1.94,Stocktake Loss,2025/5/19 20:08
Frozen Lamb Skewers (Steel Skewer),10,11.94,Stock Receipt,2025/5/19 21:45
Frozen Lamb Skewers (Steel Skewer),-0.3,11.64,Consumption Log,2025/5/19 22:23
Frozen Lamb Skewers (Steel Skewer),-0.68,10.96,Consumption Log,2025/5/19 22:23
Frozen Lamb Skewers (Steel Skewer),-0.03,10.93,Stocktake Loss,2025/5/20 13:51
Frozen Lamb Skewers (Steel Skewer),-1.9,9.03,Consumption Log,2025/5/20 22:46
Frozen Lamb Skewers (Steel Skewer),-1.1,7.93,Stocktake Loss,2025/5/21 20:46
Frozen Lamb Skewers (Steel Skewer),-0.93,7,Consumption Log,2025/5/21 22:19
Frozen Lamb Skewers (Steel Skewer),-1.08,5.92,Stocktake Loss,2025/5/22 9:36
Frozen Lamb Skewers (Steel Skewer),-1.48,4.44,Consumption Log,2025/5/22 22:47
Frozen Lamb Skewers (Steel Skewer),1.48,5.92,Stocktake Gain,2025/5/23 10:39
Frozen Lamb Skewers (Steel Skewer),10,15.92,Stock Receipt,2025/5/23 13:06
Frozen Lamb Skewers (Steel Skewer),-2,13.92,Consumption Log,2025/5/23 23:26
Frozen Lamb Skewers (Steel Skewer),-2.31,11.61,Consumption Log,2025/5/24 22:39
Frozen Lamb Skewers (Steel Skewer),-1.7,9.91,Stocktake Loss,2025/5/25 11:42
Frozen Lamb Skewers (Steel Skewer),-2.5,7.41,Consumption Log,2025/5/25 22:26
Frozen Lamb Skewers (Steel Skewer),1.5,8.91,Stocktake Gain,2025/5/25 23:34
Frozen Lamb Skewers (Steel Skewer),-0.78,8.13,Consumption Log,2025/5/26 21:35
Frozen Lamb Skewers (Steel Skewer),0.78,8.91,Stocktake Gain,2025/5/27 20:39
Frozen Lamb Skewers (Steel Skewer),-0.8,8.11,Consumption Log,2025/5/27 22:27
Frozen Lamb Skewers (Steel Skewer),-0.2,7.91,Stocktake Loss,2025/5/28 0:19
Frozen Lamb Skewers (Steel Skewer),-1.55,6.36,Consumption Log,2025/5/28 22:25
Frozen Lamb Skewers (Steel Skewer),-0.03,6.33,Consumption Log,2025/5/29 22:12
Frozen Lamb Skewers (Steel Skewer),-0.3,6.03,Consumption Log,2025/5/29 22:12
Frozen Lamb Skewers (Steel Skewer),-0.43,5.6,Consumption Log,2025/5/29 22:12
Frozen Lamb Skewers (Steel Skewer),-0.45,5.15,Consumption Log,2025/5/29 22:12
Frozen Lamb Skewers (Steel Skewer),-1,4.15,Consumption Log,2025/5/29 22:12
Frozen Lamb Skewers (Steel Skewer),-0.25,3.9,Stocktake Loss,2025/5/30 13:38
Frozen Lamb Skewers (Steel Skewer),10,13.9,Stock Receipt,2025/5/30 14:19
Frozen Lamb Skewers (Steel Skewer),-1.23,12.67,Consumption Log,2025/5/30 22:55
Frozen Lamb Skewers (Steel Skewer),-0.78,11.89,Stocktake Loss,2025/5/31 9:14
Frozen Lamb Skewers (Steel Skewer),-2.45,9.44,Consumption Log,2025/5/31 22:55
Frozen Lamb Skewers (Steel Skewer),0.95,10.39,Stocktake Gain,2025/6/1 0:11
Frozen Lamb Skewers (Steel Skewer),10,20.39,Stock Receipt,2025/6/1 14:31
Frozen Lamb Skewers (Steel Skewer),-4.03,16.36,Consumption Log,2025/6/1 22:47
Frozen Lamb Skewers (Steel Skewer),-0.25,16.11,Stocktake Loss,2025/6/2 21:23
Frozen Lamb Skewers (Steel Skewer),-0.78,15.33,Stocktake Loss,2025/6/2 21:23
Frozen Lamb Skewers (Steel Skewer),-0.95,14.38,Stocktake Loss,2025/6/2 21:23
Frozen Lamb Skewers (Steel Skewer),-1.48,12.9,Stocktake Loss,2025/6/2 21:23
Frozen Lamb Skewers (Steel Skewer),-1.5,11.4,Stocktake Loss,2025/6/2 21:23
Frozen Lamb Skewers (Steel Skewer),-1.53,9.87,Stocktake Loss,2025/6/2 21:23
Frozen Lamb Skewers (Steel Skewer),-10,-0.13,Stocktake Loss,2025/6/2 21:23
Frozen Lamb Skewers (Steel Skewer),10,9.87,Stocktake Gain,2025/6/5 19:56
Frozen Lamb Skewers (Steel Skewer),-0.65,9.22,Consumption Log,2025/6/5 22:27
Frozen Lamb Skewers (Steel Skewer),0.65,9.87,Stocktake Gain,2025/6/6 9:08
Frozen Lamb Skewers (Steel Skewer),10,19.87,Stock Receipt,2025/6/6 14:25
Frozen Lamb Skewers (Steel Skewer),-0.05,19.82,Consumption Log,2025/6/6 22:45
Frozen Lamb Skewers (Steel Skewer),-1.53,18.29,Consumption Log,2025/6/6 22:45
Frozen Lamb Skewers (Steel Skewer),-0.43,17.86,Stocktake Loss,2025/6/7 11:11
Frozen Lamb Skewers (Steel Skewer),-1.85,16.01,Consumption Log,2025/6/7 22:51
Frozen Lamb Skewers (Steel Skewer),0.85,16.86,Stocktake Gain,2025/6/8 11:19
Frozen Lamb Skewers (Steel Skewer),-0.98,15.88,Consumption Log,2025/6/8 22:22
Frozen Lamb Skewers (Steel Skewer),-2.03,13.85,Stocktake Loss,2025/6/9 9:06
Frozen Lamb Skewers (Steel Skewer),-0.95,12.9,Consumption Log,2025/6/9 22:19
Frozen Lamb Skewers (Steel Skewer),0.25,13.15,Stocktake Gain,2025/6/10 21:51
Frozen Lamb Skewers (Steel Skewer),-1.03,12.12,Consumption Log,2025/6/10 22:25
Frozen Lamb Skewers (Steel Skewer),-0.28,11.84,Stocktake Loss,2025/6/11 10:55
Frozen Lamb Skewers (Steel Skewer),-0.95,10.89,Consumption Log,2025/6/11 23:03
Frozen Lamb Skewers (Steel Skewer),-1.33,9.56,Consumption Log,2025/6/11 23:03
Frozen Lamb Skewers (Steel Skewer),-1.65,7.91,Consumption Log,2025/6/12 22:24
Frozen Lamb Skewers (Steel Skewer),0.93,8.84,Stocktake Gain,2025/6/13 18:01
Frozen Lamb Skewers (Steel Skewer),-1.98,6.86,Consumption Log,2025/6/13 22:38
Frozen Lamb Skewers (Steel Skewer),-1.03,5.83,Stocktake Loss,2025/6/14 18:40
Frozen Lamb Skewers (Steel Skewer),-2.4,3.43,Consumption Log,2025/6/14 23:10
Frozen Lamb Skewers (Steel Skewer),-0.6,2.83,Stocktake Loss,2025/6/15 22:06
Frozen Lamb Skewers (Steel Skewer),10,12.83,Stock Receipt,2025/6/15 22:06
Frozen Lamb Skewers (Steel Skewer),-2.38,10.45,Consumption Log,2025/6/15 22:35
Frozen Lamb Skewers (Steel Skewer),-0.63,9.82,Stocktake Loss,2025/6/16 21:52
Frozen Lamb Skewers (Steel Skewer),-1,8.82,Consumption Log,2025/6/16 22:24
Frozen Lamb Skewers (Steel Skewer),-1.48,7.34,Consumption Log,2025/6/17 22:55
Frozen Lamb Skewers (Steel Skewer),-0.25,7.09,Stocktake Loss,2025/6/18 21:45
Frozen Lamb Skewers (Steel Skewer),-0.33,6.76,Stocktake Loss,2025/6/18 21:45
Frozen Lamb Skewers (Steel Skewer),-0.65,6.11,Stocktake Loss,2025/6/18 21:45
Frozen Lamb Skewers (Steel Skewer),-0.85,5.26,Stocktake Loss,2025/6/18 21:45
Frozen Lamb Skewers (Steel Skewer),-0.93,4.33,Stocktake Loss,2025/6/18 21:45
Frozen Lamb Skewers (Steel Skewer),-4.53,-0.2,Stocktake Loss,2025/6/18 21:45
Frozen Lamb Skewers (Steel Skewer),7,6.8,Stocktake Gain,2025/6/19 11:48
Frozen Lamb Skewers (Steel Skewer),10,16.8,Stock Receipt,2025/6/19 13:10
Frozen Lamb Skewers (Steel Skewer),-0.58,16.22,Consumption Log,2025/6/19 22:14
Frozen Lamb Skewers (Steel Skewer),-2.03,14.19,Consumption Log,2025/6/20 22:35
Frozen Lamb Skewers (Steel Skewer),-7,7.19,Stocktake Loss,2025/6/21 22:06
Frozen Lamb Skewers (Steel Skewer),-7.4,-0.21,Stocktake Loss,2025/6/21 22:06
Frozen Lamb Skewers (Steel Skewer),13,12.79,Stocktake Gain,2025/6/22 22:06
Frozen Lamb Skewers (Steel Skewer),-2.23,10.56,Consumption Log,2025/6/22 22:20
Frozen Lamb Skewers (Steel Skewer),-0.78,9.78,Stocktake Loss,2025/6/23 17:31
Frozen Lamb Skewers (Steel Skewer),-1.43,8.35,Consumption Log,2025/6/23 22:15
Frozen Lamb Skewers (Steel Skewer),-0.58,7.77,Stocktake Loss,2025/6/24 9:47
Frozen Lamb Skewers (Steel Skewer),-1.95,5.82,Consumption Log,2025/6/24 22:37
Frozen Lamb Skewers (Steel Skewer),-0.9,4.92,Consumption Log,2025/6/25 22:31
Frozen Lamb Skewers (Steel Skewer),1.35,6.27,Stocktake Gain,2025/6/25 23:08
Frozen Lamb Skewers (Steel Skewer),10,16.27,Stock Receipt,2025/6/26 21:25
Frozen Lamb Skewers (Steel Skewer),-0.05,16.22,Consumption Log,2025/6/26 22:38
Frozen Lamb Skewers (Steel Skewer),-1.73,14.49,Consumption Log,2025/6/26 22:38
Frozen Lamb Skewers (Steel Skewer),-0.73,13.76,Stocktake Loss,2025/6/27 11:23
Frozen Lamb Skewers (Steel Skewer),-2.65,11.11,Consumption Log,2025/6/27 22:40
Frozen Lamb Skewers (Steel Skewer),2.25,13.36,Stocktake Gain,2025/6/28 0:54
Frozen Lamb Skewers (Steel Skewer),-2.98,10.38,Consumption Log,2025/6/28 22:18
Frozen Lamb Skewers (Steel Skewer),-1.63,8.75,Stocktake Loss,2025/6/28 23:22
Frozen Lamb Skewers (Steel Skewer),-1.63,7.12,Consumption Log,2025/6/29 22:20
Frozen Lamb Skewers (Steel Skewer),10,17.12,Stock Receipt,2025/6/29 22:31
Frozen Lamb Skewers (Steel Skewer),-1.38,15.74,Stocktake Loss,2025/6/29 23:23
Frozen Lamb Skewers (Steel Skewer),-2.45,13.29,Consumption Log,2025/6/30 22:28
Frozen Lamb Skewers (Steel Skewer),0.45,13.74,Stocktake Gain,2025/6/30 23:53
Frozen Lamb Skewers (Steel Skewer),-2.2,11.54,Consumption Log,2025/7/1 22:37
Frozen Lamb Skewers (Steel Skewer),-0.8,10.74,Stocktake Loss,2025/7/2 0:26
Frozen Lamb Skewers (Steel Skewer),-1.1,9.64,Consumption Log,2025/7/2 22:11
Frozen Lamb Skewers (Steel Skewer),-0.9,8.74,Stocktake Loss,2025/7/3 20:42
Frozen Lamb Skewers (Steel Skewer),-0.93,7.81,Consumption Log,2025/7/3 22:34
Frozen Lamb Skewers (Steel Skewer),-1.53,6.28,Consumption Log,2025/7/3 22:34
Frozen Lamb Skewers (Steel Skewer),-0.55,5.73,Stocktake Loss,2025/7/4 3:10
Frozen Lamb Skewers (Steel Skewer),-0.23,5.5,Consumption Log,2025/7/4 22:27
Frozen Lamb Skewers (Steel Skewer),-1.95,3.55,Consumption Log,2025/7/4 22:27
Frozen Lamb Skewers (Steel Skewer),2.18,5.73,Stocktake Gain,2025/7/5 21:45
Frozen Lamb Skewers (Steel Skewer),10,15.73,Stock Receipt,2025/7/5 22:03
Frozen Lamb Skewers (Steel Skewer),-0.1,15.63,Consumption Log,2025/7/5 22:40
Frozen Lamb Skewers (Steel Skewer),-2.65,12.98,Consumption Log,2025/7/5 22:40
Frozen Lamb Skewers (Steel Skewer),-0.45,12.53,Stocktake Loss,2025/7/6 21:47
Frozen Lamb Skewers (Steel Skewer),-1.03,11.5,Stocktake Loss,2025/7/6 21:47
Frozen Lamb Skewers (Steel Skewer),-2.18,9.32,Stocktake Loss,2025/7/6 21:47
Frozen Lamb Skewers (Steel Skewer),-2.25,7.07,Stocktake Loss,2025/7/6 21:47
Frozen Lamb Skewers (Steel Skewer),-7.35,-0.28,Stocktake Loss,2025/7/6 21:47
Frozen Lamb Skewers (Steel Skewer),11,10.72,Stocktake Gain,2025/7/6 23:49
Frozen Lamb Skewers (Steel Skewer),-1,9.72,Consumption Log,2025/7/7 22:34
Frozen Lamb Skewers (Steel Skewer),-1,8.72,Stocktake Loss,2025/7/8 21:43
Frozen Lamb Skewers (Steel Skewer),-1.68,7.04,Consumption Log,2025/7/8 22:11
Frozen Lamb Skewers (Steel Skewer),-0.03,7.01,Stocktake Loss,2025/7/9 9:30
Frozen Lamb Skewers (Steel Skewer),-1.68,5.33,Consumption Log,2025/7/9 22:26
Frozen Lamb Skewers (Steel Skewer),1.38,6.71,Stocktake Gain,2025/7/10 0:14
Frozen Lamb Skewers (Steel Skewer),-2.95,3.76,Consumption Log,2025/7/10 22:27
Frozen Lamb Skewers (Steel Skewer),-2.05,1.71,Stocktake Loss,2025/7/11 0:54
Frozen Lamb Skewers (Steel Skewer),10,11.71,Stock Receipt,2025/7/11 19:41
Frozen Lamb Skewers (Steel Skewer),-0.63,11.08,Consumption Log,2025/7/11 22:20
Frozen Lamb Skewers (Steel Skewer),-0.85,10.23,Consumption Log,2025/7/11 22:20
Frozen Lamb Skewers (Steel Skewer),-1.33,8.9,Consumption Log,2025/7/11 22:20
Frozen Lamb Skewers (Steel Skewer),0.8,9.7,Stocktake Gain,2025/7/12 22:26
Frozen Lamb Skewers (Steel Skewer),-2.65,7.05,Consumption Log,2025/7/12 23:02
Frozen Lamb Skewers (Steel Skewer),-0.35,6.7,Stocktake Loss,2025/7/13 0:32
Frozen Lamb Skewers (Steel Skewer),10,16.7,Stock Receipt,2025/7/13 21:12
Frozen Lamb Skewers (Steel Skewer),-3.08,13.62,Consumption Log,2025/7/13 22:17
Frozen Lamb Skewers (Steel Skewer),-2.5,11.12,Consumption Log,2025/7/14 22:29
Frozen Lamb Skewers (Steel Skewer),-2.23,8.89,Consumption Log,2025/7/15 22:46
Frozen Lamb Skewers (Steel Skewer),-1.2,7.69,Stocktake Loss,2025/7/16 14:17
Frozen Lamb Skewers (Steel Skewer),-2.4,5.29,Consumption Log,2025/7/16 22:14
Frozen Lamb Skewers (Steel Skewer),0.4,5.69,Stocktake Gain,2025/7/17 0:30
Frozen Lamb Skewers (Steel Skewer),-1.35,4.34,Consumption Log,2025/7/17 22:21
Frozen Lamb Skewers (Steel Skewer),-0.65,3.69,Stocktake Loss,2025/7/18 9:40
Frozen Lamb Skewers (Steel Skewer),10,13.69,Stock Receipt,2025/7/18 14:01
Frozen Lamb Skewers (Steel Skewer),-2.08,11.61,Consumption Log,2025/7/18 22:29
Frozen Lamb Skewers (Steel Skewer),-0.93,10.68,Stocktake Loss,2025/7/19 21:47
Frozen Lamb Skewers (Steel Skewer),-2.83,7.85,Consumption Log,2025/7/19 22:41
Frozen Lamb Skewers (Steel Skewer),2.03,9.88,Stocktake Gain,2025/7/20 0:58
Frozen Lamb Skewers (Steel Skewer),-2.48,7.4,Consumption Log,2025/7/20 22:47
Frozen Lamb Skewers (Steel Skewer),-2.23,5.17,Stocktake Loss,2025/7/21 11:35
Frozen Lamb Skewers (Steel Skewer),-2.2,2.97,Consumption Log,2025/7/21 22:38
Frozen Lamb Skewers (Steel Skewer),-0.03,2.94,Stocktake Loss,2025/7/22 21:49
Frozen Lamb Skewers (Steel Skewer),-0.03,2.91,Stocktake Loss,2025/7/22 21:49
Frozen Lamb Skewers (Steel Skewer),-0.05,2.86,Stocktake Loss,2025/7/22 21:49
Frozen Lamb Skewers (Steel Skewer),10,12.86,Stock Receipt,2025/7/22 21:53
Frozen Lamb Skewers (Steel Skewer),-0.4,12.46,Consumption Log,2025/7/22 22:27
Frozen Lamb Skewers (Steel Skewer),-0.73,11.73,Consumption Log,2025/7/22 22:27
Frozen Lamb Skewers (Steel Skewer),-0.78,10.95,Consumption Log,2025/7/22 22:27
Frozen Lamb Skewers (Steel Skewer),0.7,11.65,Stocktake Gain,2025/7/23 21:32
Frozen Lamb Skewers (Steel Skewer),10,21.65,Stock Receipt,2025/7/23 21:37
Frozen Lamb Skewers (Steel Skewer),-1.78,19.87,Consumption Log,2025/7/23 22:15
Frozen Lamb Skewers (Steel Skewer),-0.83,19.04,Stocktake Loss,2025/7/24 9:29
Frozen Lamb Skewers (Steel Skewer),-1.4,17.64,Consumption Log,2025/7/24 22:28
Frozen Lamb Skewers (Steel Skewer),-1,16.64,Stocktake Loss,2025/7/25 9:30
Frozen Lamb Skewers (Steel Skewer),-2.38,14.26,Consumption Log,2025/7/25 22:43
Frozen Lamb Skewers (Steel Skewer),0.58,14.84,Stocktake Gain,2025/7/26 8:56
Frozen Lamb Skewers (Steel Skewer),-3.4,11.44,Consumption Log,2025/7/26 22:44
Frozen Lamb Skewers (Steel Skewer),-0.8,10.64,Stocktake Loss,2025/7/26 23:55
Frozen Lamb Skewers (Steel Skewer),-3.58,7.06,Consumption Log,2025/7/27 22:01
Frozen Lamb Skewers (Steel Skewer),1.18,8.24,Stocktake Gain,2025/7/28 22:04
Frozen Lamb Skewers (Steel Skewer),-1.43,6.81,Consumption Log,2025/7/28 22:19
Frozen Lamb Skewers (Steel Skewer),-0.58,6.23,Stocktake Loss,2025/7/29 21:41
Frozen Lamb Skewers (Steel Skewer),-1.23,5,Consumption Log,2025/7/29 22:27
Frozen Lamb Skewers (Steel Skewer),-0.38,4.62,Stocktake Loss,2025/7/30 9:37
Frozen Lamb Skewers (Steel Skewer),-0.53,4.09,Consumption Log,2025/7/30 22:07
Frozen Lamb Skewers (Steel Skewer),-0.78,3.31,Consumption Log,2025/7/30 22:07
Frozen Lamb Skewers (Steel Skewer),-0.2,3.11,Stocktake Loss,2025/7/31 17:05
Frozen Lamb Skewers (Steel Skewer),-0.35,2.76,Consumption Log,2025/7/31 22:31
Frozen Lamb Skewers (Steel Skewer),-1.05,1.71,Consumption Log,2025/7/31 22:31
Frozen Lamb Skewers (Steel Skewer),0.1,1.81,Stocktake Gain,2025/7/31 23:34
Frozen Lamb Skewers (Steel Skewer),10,11.81,Stock Receipt,2025/8/1 21:40
Frozen Lamb Skewers (Steel Skewer),-0.15,11.66,Consumption Log,2025/8/1 22:14
Frozen Lamb Skewers (Steel Skewer),-0.35,11.31,Consumption Log,2025/8/1 22:14
Frozen Lamb Skewers (Steel Skewer),-0.58,10.73,Consumption Log,2025/8/1 22:14
Frozen Lamb Skewers (Steel Skewer),-0.6,10.13,Consumption Log,2025/8/1 22:14
Frozen Lamb Skewers (Steel Skewer),-0.53,9.6,Stocktake Loss,2025/8/2 20:33
Frozen Lamb Skewers (Steel Skewer),-3.9,5.7,Consumption Log,2025/8/2 22:35
Frozen Lamb Skewers (Steel Skewer),-3.35,2.35,Consumption Log,2025/8/3 22:25
Frozen Lamb Skewers (Steel Skewer),10,12.35,Stock Receipt,2025/8/4 13:44
Frozen Lamb Skewers (Steel Skewer),-0.88,11.47,Consumption Log,2025/8/4 22:35
Frozen Lamb Skewers (Steel Skewer),-1.88,9.59,Stocktake Loss,2025/8/5 20:20
Frozen Lamb Skewers (Steel Skewer),-2.15,7.44,Consumption Log,2025/8/5 22:30
Frozen Lamb Skewers (Steel Skewer),2.15,9.59,Stocktake Gain,2025/8/6 0:38
Frozen Lamb Skewers (Steel Skewer),-2.3,7.29,Consumption Log,2025/8/6 22:14
Frozen Lamb Skewers (Steel Skewer),-0.7,6.59,Stocktake Loss,2025/8/7 11:20
Frozen Lamb Skewers (Steel Skewer),-2.1,4.49,Consumption Log,2025/8/7 23:10
Frozen Lamb Skewers (Steel Skewer),-0.25,4.24,Consumption Log,2025/8/8 23:52
Frozen Lamb Skewers (Steel Skewer),-1.63,2.61,Consumption Log,2025/8/9 0:05
Frozen Lamb Skewers (Steel Skewer),10,12.61,Stock Receipt,2025/8/9 21:17
Frozen Lamb Skewers (Steel Skewer),-0.1,12.51,Consumption Log,2025/8/9 23:44
Frozen Lamb Skewers (Steel Skewer),-0.15,12.36,Consumption Log,2025/8/9 23:44
Frozen Lamb Skewers (Steel Skewer),-0.2,12.16,Consumption Log,2025/8/9 23:44
Frozen Lamb Skewers (Steel Skewer),-0.58,11.58,Consumption Log,2025/8/9 23:44
Frozen Lamb Skewers (Steel Skewer),-1.48,10.1,Consumption Log,2025/8/9 23:44
Frozen Lamb Skewers (Steel Skewer),-1.53,8.57,Stocktake Loss,2025/8/10 12:06
Frozen Lamb Skewers (Steel Skewer),-2.48,6.09,Consumption Log,2025/8/10 23:48
Frozen Lamb Skewers (Steel Skewer),-0.15,5.94,Consumption Log,2025/8/11 0:00
Frozen Lamb Skewers (Steel Skewer),0.63,6.57,Stocktake Gain,2025/8/11 22:49
Frozen Lamb Skewers (Steel Skewer),-1.45,5.12,Consumption Log,2025/8/12 0:21
Frozen Lamb Skewers (Steel Skewer),-0.23,4.89,Consumption Log,2025/8/12 22:54
Frozen Lamb Skewers (Steel Skewer),-1.55,3.34,Consumption Log,2025/8/13 0:11
Frozen Lamb Skewers (Steel Skewer),-0.38,2.96,Stocktake Loss,2025/8/13 8:45
Frozen Lamb Skewers (Steel Skewer),-0.2,2.76,Consumption Log,2025/8/13 23:58
Frozen Lamb Skewers (Steel Skewer),-2.1,0.66,Consumption Log,2025/8/13 23:58
Frozen Lamb Skewers (Steel Skewer),-0.48,0.18,Stocktake Loss,2025/8/14 22:09
Frozen Lamb Skewers (Steel Skewer),-0.63,-0.45,Stocktake Loss,2025/8/14 22:09
Frozen Lamb Skewers (Steel Skewer),10,9.55,Stock Receipt,2025/8/15 21:31
Frozen Lamb Skewers (Steel Skewer),-0.3,9.25,Consumption Log,2025/8/15 23:58
Frozen Lamb Skewers (Steel Skewer),-0.4,8.85,Stocktake Loss,2025/8/16 8:53
Frozen Lamb Skewers (Steel Skewer),-2.78,6.07,Consumption Log,2025/8/16 23:57
Frozen Lamb Skewers (Steel Skewer),1.18,7.25,Stocktake Gain,2025/8/17 8:29
Frozen Lamb Skewers (Steel Skewer),-3.43,3.82,Consumption Log,2025/8/17 23:21
Frozen Lamb Skewers (Steel Skewer),-0.28,3.54,Stocktake Loss,2025/8/18 13:00
Frozen Lamb Skewers (Steel Skewer),-2.33,1.21,Consumption Log,2025/8/18 23:18
Frozen Lamb Skewers (Steel Skewer),10,11.21,Stock Receipt,2025/8/19 9:06
Frozen Lamb Skewers (Steel Skewer),-0.3,10.91,Consumption Log,2025/8/19 9:17
Frozen Lamb Skewers (Steel Skewer),-0.2,10.71,Consumption Log,2025/8/19 23:04
Frozen Lamb Skewers (Steel Skewer),-1.43,9.28,Consumption Log,2025/8/19 23:04
Frozen Lamb Skewers (Steel Skewer),-1.25,8.03,Stocktake Loss,2025/8/20 20:51
Frozen Lamb Skewers (Steel Skewer),-0.23,7.8,Consumption Log,2025/8/20 23:44
Frozen Lamb Skewers (Steel Skewer),-1.35,6.45,Consumption Log,2025/8/21 0:12
Frozen Lamb Skewers (Steel Skewer),0.28,6.73,Stocktake Gain,2025/8/21 1:05
Frozen Lamb Skewers (Steel Skewer),-1.65,5.08,Consumption Log,2025/8/21 23:46
Frozen Lamb Skewers (Steel Skewer),-0.15,4.93,Consumption Log,2025/8/22 23:01
Frozen Lamb Skewers (Steel Skewer),-2.33,2.6,Consumption Log,2025/8/23 0:23
Frozen Lamb Skewers (Steel Skewer),-0.28,2.32,Consumption Log,2025/8/23 23:53
Frozen Lamb Skewers (Steel Skewer),-1.18,1.14,Consumption Log,2025/8/23 23:53
Frozen Lamb Skewers (Steel Skewer),-1.63,-0.49,Consumption Log,2025/8/23 23:53
Frozen Lamb Skewers (Steel Skewer),1.7,1.21,Stocktake Gain,2025/8/24 22:08
Frozen Lamb Skewers (Steel Skewer),10,11.21,Stock Receipt,2025/8/24 22:12
Frozen Lamb Skewers (Steel Skewer),-0.13,11.08,Consumption Log,2025/8/24 23:59
Frozen Lamb Skewers (Steel Skewer),-1.7,9.38,Consumption Log,2025/8/25 0:03
Frozen Lamb Skewers (Steel Skewer),-1.88,7.5,Stocktake Loss,2025/8/25 21:50
Frozen Lamb Skewers (Steel Skewer),-1.43,6.07,Consumption Log,2025/8/26 0:03
Frozen Lamb Skewers (Steel Skewer),1.43,7.5,Stocktake Gain,2025/8/26 21:32
Frozen Lamb Skewers (Steel Skewer),-2.28,5.22,Consumption Log,2025/8/27 0:02
Frozen Lamb Skewers (Steel Skewer),0.28,5.5,Stocktake Gain,2025/8/27 21:51
Frozen Lamb Skewers (Steel Skewer),-0.2,5.3,Consumption Log,2025/8/27 23:52
Frozen Lamb Skewers (Steel Skewer),-1.63,3.67,Consumption Log,2025/8/28 0:16
Frozen Lamb Skewers (Steel Skewer),-0.4,3.27,Consumption Log,2025/8/28 23:43
Frozen Lamb Skewers (Steel Skewer),-0.38,2.89,Consumption Log,2025/8/29 0:03
Frozen Lamb Skewers (Steel Skewer),-1.38,1.51,Consumption Log,2025/8/29 0:03
Frozen Lamb Skewers (Steel Skewer),-0.28,1.23,Stocktake Loss,2025/8/29 10:46
Frozen Lamb Skewers (Steel Skewer),-0.33,0.9,Stocktake Loss,2025/8/29 10:46
Frozen Lamb Skewers (Steel Skewer),-1.43,-0.53,Stocktake Loss,2025/8/29 10:46
Frozen Lamb Skewers (Steel Skewer),10,9.47,Stock Receipt,2025/8/29 14:13
Frozen Lamb Skewers (Steel Skewer),-1.13,8.34,Consumption Log,2025/8/29 23:55
Frozen Lamb Skewers (Steel Skewer),-0.58,7.76,Stocktake Loss,2025/8/30 12:17
Frozen Lamb Skewers (Steel Skewer),-3.13,4.63,Consumption Log,2025/8/30 23:58
Frozen Lamb Skewers (Steel Skewer),-0.13,4.5,Consumption Log,2025/8/31 1:41
Frozen Lamb Skewers (Steel Skewer),10,14.5,Stock Receipt,2025/8/31 11:14
Frozen Lamb Skewers (Steel Skewer),3,17.5,Inter-Store Transfer,2025/8/31 22:20
Frozen Lamb Skewers (Steel Skewer),-3.03,14.47,Consumption Log,2025/8/31 23:26
Frozen Lamb Skewers (Steel Skewer),-0.73,13.74,Stocktake Loss,2025/9/1 1:18
Frozen Lamb Skewers (Steel Skewer),-1.65,12.09,Consumption Log,2025/9/1 23:28
Frozen Lamb Skewers (Steel Skewer),0.35,12.44,Stocktake Gain,2025/9/2 14:00
Frozen Lamb Skewers (Steel Skewer),-0.85,11.59,Consumption Log,2025/9/2 23:56
Frozen Lamb Skewers (Steel Skewer),-2.15,9.44,Stocktake Loss,2025/9/3 21:52
Frozen Lamb Skewers (Steel Skewer),-1.5,7.94,Consumption Log,2025/9/3 23:59
Frozen Lamb Skewers (Steel Skewer),1.5,9.44,Stocktake Gain,2025/9/4 11:48
Frozen Lamb Skewers (Steel Skewer),-0.7,8.74,Consumption Log,2025/9/4 23:54
Frozen Lamb Skewers (Steel Skewer),-0.8,7.94,Stocktake Loss,2025/9/5 11:59
Frozen Lamb Skewers (Steel Skewer),-2.43,5.51,Consumption Log,2025/9/5 23:47
Frozen Lamb Skewers (Steel Skewer),-0.35,5.16,Stocktake Loss,2025/9/6 2:00
Frozen Lamb Skewers (Steel Skewer),-1.5,3.66,Stocktake Loss,2025/9/6 2:00
Frozen Lamb Skewers (Steel Skewer),-4.23,-0.57,Stocktake Loss,2025/9/6 2:00
Frozen Lamb Skewers (Steel Skewer),5.5,4.93,Stocktake Gain,2025/9/6 11:35
Frozen Lamb Skewers (Steel Skewer),-2.83,2.1,Consumption Log,2025/9/6 23:58
Frozen Lamb Skewers (Steel Skewer),0.83,2.93,Stocktake Gain,2025/9/7 22:07
Frozen Lamb Skewers (Steel Skewer),10,12.93,Stock Receipt,2025/9/7 22:09
Frozen Lamb Skewers (Steel Skewer),-2.58,10.35,Consumption Log,2025/9/8 0:44
Frozen Lamb Skewers (Steel Skewer),-0.93,9.42,Stocktake Loss,2025/9/8 21:57
Frozen Lamb Skewers (Steel Skewer),-0.15,9.27,Consumption Log,2025/9/8 23:35
Frozen Lamb Skewers (Steel Skewer),-0.75,8.52,Consumption Log,2025/9/9 0:03
Frozen Lamb Skewers (Steel Skewer),0.5,9.02,Stocktake Gain,2025/9/9 21:47
Frozen Lamb Skewers (Steel Skewer),-0.88,8.14,Consumption Log,2025/9/10 0:06
Frozen Lamb Skewers (Steel Skewer),-0.03,8.11,Stocktake Loss,2025/9/10 11:54
Frozen Lamb Skewers (Steel Skewer),-1.53,6.58,Consumption Log,2025/9/10 23:50
Frozen Lamb Skewers (Steel Skewer),-0.18,6.4,Stocktake Loss,2025/9/11 21:47
Frozen Lamb Skewers (Steel Skewer),-1.13,5.27,Consumption Log,2025/9/12 0:25
Frozen Lamb Skewers (Steel Skewer),-0.88,4.39,Stocktake Loss,2025/9/12 21:45
Frozen Lamb Skewers (Steel Skewer),-0.2,4.19,Consumption Log,2025/9/12 23:52
Frozen Lamb Skewers (Steel Skewer),-0.8,3.39,Consumption Log,2025/9/13 0:47
Frozen Lamb Skewers (Steel Skewer),-1.3,2.09,Consumption Log,2025/9/13 0:47
Frozen Lamb Skewers (Steel Skewer),0.7,2.79,Stocktake Gain,2025/9/13 22:20
Frozen Lamb Skewers (Steel Skewer),10,12.79,Stock Receipt,2025/9/13 22:21
Frozen Lamb Skewers (Steel Skewer),-0.05,12.74,Consumption Log,2025/9/13 23:43
Frozen Lamb Skewers (Steel Skewer),-3.3,9.44,Consumption Log,2025/9/14 0:25
Frozen Lamb Skewers (Steel Skewer),-2.55,6.89,Stocktake Loss,2025/9/14 21:54
Frozen Lamb Skewers (Steel Skewer),-0.5,6.39,Consumption Log,2025/9/14 23:48
Frozen Lamb Skewers (Steel Skewer),-2,4.39,Consumption Log,2025/9/15 0:46
Frozen Lamb Skewers (Steel Skewer),-0.25,4.14,Consumption Log,2025/9/15 23:54
Frozen Lamb Skewers (Steel Skewer),-1.03,3.11,Consumption Log,2025/9/16 0:43
Frozen Lamb Skewers (Steel Skewer),1.28,4.39,Stocktake Gain,2025/9/16 1:02
Frozen Lamb Skewers (Steel Skewer),10,14.39,Stock Receipt,2025/9/16 14:07
Frozen Lamb Skewers (Steel Skewer),-1.46,12.93,Consumption Log,2025/9/16 23:02
Frozen Lamb Skewers (Steel Skewer),-1.55,11.38,Stocktake Loss,2025/9/17 1:54
Frozen Lamb Skewers (Steel Skewer),-1.25,10.13,Consumption Log,2025/9/17 23:38
Frozen Lamb Skewers (Steel Skewer),-1.15,8.98,Consumption Log,2025/9/18 23:32
Frozen Lamb Skewers (Steel Skewer),-2.6,6.38,Stocktake Loss,2025/9/19 18:12
Frozen Lamb Skewers (Steel Skewer),-1.33,5.05,Consumption Log,2025/9/19 23:26
Frozen Lamb Skewers (Steel Skewer),-0.3,4.75,Consumption Log,2025/9/20 0:02
Frozen Lamb Skewers (Steel Skewer),0.63,5.38,Stocktake Gain,2025/9/20 16:35
Frozen Lamb Skewers (Steel Skewer),-0.7,4.68,Consumption Log,2025/9/20 23:50
Frozen Lamb Skewers (Steel Skewer),-0.78,3.9,Consumption Log,2025/9/20 23:50
Frozen Lamb Skewers (Steel Skewer),-0.6,3.3,Consumption Log,2025/9/21 0:11
Frozen Lamb Skewers (Steel Skewer),-0.7,2.6,Consumption Log,2025/9/21 0:11
Frozen Lamb Skewers (Steel Skewer),0.78,3.38,Stocktake Gain,2025/9/21 10:45
Frozen Lamb Skewers (Steel Skewer),-0.13,3.25,Consumption Log,2025/9/21 23:49
Frozen Lamb Skewers (Steel Skewer),-0.5,2.75,Consumption Log,2025/9/21 23:49
Frozen Lamb Skewers (Steel Skewer),-0.7,2.05,Consumption Log,2025/9/21 23:49
Frozen Lamb Skewers (Steel Skewer),-0.73,1.32,Consumption Log,2025/9/21 23:49
Frozen Lamb Skewers (Steel Skewer),2.55,3.87,Stocktake Gain,2025/9/22 9:38
Frozen Lamb Skewers (Steel Skewer),10,13.87,Stock Receipt,2025/9/22 13:26
Frozen Lamb Skewers (Steel Skewer),-0.13,13.74,Consumption Log,2025/9/22 23:58
Frozen Lamb Skewers (Steel Skewer),-1.38,12.36,Stocktake Loss,2025/9/23 10:40
Frozen Lamb Skewers (Steel Skewer),-0.95,11.41,Consumption Log,2025/9/23 23:02
Frozen Lamb Skewers (Steel Skewer),-1.4,10.01,Consumption Log,2025/9/24 23:22
Frozen Lamb Skewers (Steel Skewer),0.35,10.36,Stocktake Gain,2025/9/25 9:03
Frozen Lamb Skewers (Steel Skewer),-1.55,8.81,Consumption Log,2025/9/25 23:50
Frozen Lamb Skewers (Steel Skewer),0.55,9.36,Stocktake Gain,2025/9/26 2:13
Frozen Lamb Skewers (Steel Skewer),-1.43,7.93,Consumption Log,2025/9/26 23:50
Frozen Lamb Skewers (Steel Skewer),-1.58,6.35,Stocktake Loss,2025/9/27 13:01
Frozen Lamb Skewers (Steel Skewer),-0.23,6.12,Consumption Log,2025/9/27 23:44
Frozen Lamb Skewers (Steel Skewer),-0.55,5.57,Consumption Log,2025/9/27 23:44
Frozen Lamb Skewers (Steel Skewer),-1.6,3.97,Consumption Log,2025/9/27 23:44
Frozen Lamb Skewers (Steel Skewer),-0.2,3.77,Consumption Log,2025/9/28 0:24
Frozen Lamb Skewers (Steel Skewer),0.58,4.35,Stocktake Gain,2025/9/28 9:07
Frozen Lamb Skewers (Steel Skewer),10,14.35,Stock Receipt,2025/9/28 13:21
Frozen Lamb Skewers (Steel Skewer),-0.1,14.25,Consumption Log,2025/9/28 22:21
Frozen Lamb Skewers (Steel Skewer),-0.68,13.57,Consumption Log,2025/9/28 22:21
Frozen Lamb Skewers (Steel Skewer),-1.23,12.34,Stocktake Loss,2025/9/29 9:18
Frozen Lamb Skewers (Steel Skewer),-1,11.34,Stock Requisition,2025/9/29 22:14
Frozen Lamb Skewers (Steel Skewer),-0.75,10.59,Consumption Log,2025/9/29 23:39
Frozen Lamb Skewers (Steel Skewer),0.35,10.94,Stocktake Gain,2025/9/30 1:01
Frozen Lamb Skewers (Steel Skewer),-2.23,8.71,Consumption Log,2025/9/30 22:57
Frozen Lamb Skewers (Steel Skewer),-2.38,6.33,Stocktake Loss,2025/10/1 0:56
Frozen Lamb Skewers (Steel Skewer),-0.1,6.23,Consumption Log,2025/10/1 23:54
Frozen Lamb Skewers (Steel Skewer),-0.33,5.9,Consumption Log,2025/10/1 23:54
Frozen Lamb Skewers (Steel Skewer),-0.78,5.12,Consumption Log,2025/10/1 23:54
Frozen Lamb Skewers (Steel Skewer),-1.75,3.37,Consumption Log,2025/10/1 23:54
Frozen Lamb Skewers (Steel Skewer),-0.08,3.29,Consumption Log,2025/10/2 0:13
Frozen Lamb Skewers (Steel Skewer),-0.1,3.19,Consumption Log,2025/10/2 23:46
Frozen Lamb Skewers (Steel Skewer),-2.15,1.04,Consumption Log,2025/10/2 23:46
Frozen Lamb Skewers (Steel Skewer),2.28,3.32,Stocktake Gain,2025/10/3 1:09
Frozen Lamb Skewers (Steel Skewer),-0.25,3.07,Consumption Log,2025/10/3 23:57
Frozen Lamb Skewers (Steel Skewer),-0.35,2.72,Consumption Log,2025/10/3 23:57
Frozen Lamb Skewers (Steel Skewer),-0.55,2.17,Consumption Log,2025/10/3 23:57
Frozen Lamb Skewers (Steel Skewer),-0.58,1.59,Consumption Log,2025/10/3 23:57
Frozen Lamb Skewers (Steel Skewer),-1,0.59,Consumption Log,2025/10/3 23:57
Frozen Lamb Skewers (Steel Skewer),0.73,1.32,Stocktake Gain,2025/10/4 22:08
Frozen Lamb Skewers (Steel Skewer),10,11.32,Stock Receipt,2025/10/4 22:14
Frozen Lamb Skewers (Steel Skewer),-2.7,8.62,Consumption Log,2025/10/5 0:18
Frozen Lamb Skewers (Steel Skewer),-0.3,8.32,Stocktake Loss,2025/10/5 22:16
Frozen Lamb Skewers (Steel Skewer),-0.15,8.17,Consumption Log,2025/10/5 23:59
Frozen Lamb Skewers (Steel Skewer),-3.18,4.99,Consumption Log,2025/10/6 0:16
Frozen Lamb Skewers (Steel Skewer),-0.73,4.26,Stocktake Loss,2025/10/6 23:32
Frozen Lamb Skewers (Steel Skewer),-1.28,2.98,Stocktake Loss,2025/10/6 23:32
Frozen Lamb Skewers (Steel Skewer),-3.68,-0.7,Stocktake Loss,2025/10/6 23:32
Frozen Lamb Skewers (Steel Skewer),10,9.3,Stock Receipt,2025/10/6 23:38
Frozen Lamb Skewers (Steel Skewer),-0.15,9.15,Consumption Log,2025/10/6 23:44
Frozen Lamb Skewers (Steel Skewer),-3.68,5.47,Consumption Log,2025/10/7 0:21
Frozen Lamb Skewers (Steel Skewer),6.83,12.3,Stocktake Gain,2025/10/7 9:04
Frozen Lamb Skewers (Steel Skewer),-3.43,8.87,Consumption Log,2025/10/7 23:59
Frozen Lamb Skewers (Steel Skewer),-0.08,8.79,Stocktake Loss,2025/10/8 22:45
Frozen Lamb Skewers (Steel Skewer),-0.08,8.71,Consumption Log,2025/10/8 23:18
Frozen Lamb Skewers (Steel Skewer),-0.43,8.28,Consumption Log,2025/10/9 0:03
Frozen Lamb Skewers (Steel Skewer),-2.6,5.68,Consumption Log,2025/10/9 0:03
Frozen Lamb Skewers (Steel Skewer),-0.4,5.28,Stocktake Loss,2025/10/9 22:11
Frozen Lamb Skewers (Steel Skewer),-1.08,4.2,Consumption Log,2025/10/10 0:17
Frozen Lamb Skewers (Steel Skewer),0.08,4.28,Stocktake Gain,2025/10/10 14:43
Frozen Lamb Skewers (Steel Skewer),-0.55,3.73,Consumption Log,2025/10/10 23:56
Frozen Lamb Skewers (Steel Skewer),-0.2,3.53,Consumption Log,2025/10/11 0:41
Frozen Lamb Skewers (Steel Skewer),-0.75,2.78,Stocktake Loss,2025/10/11 9:47
Frozen Lamb Skewers (Steel Skewer),10,12.78,Stock Receipt,2025/10/11 15:35
Frozen Lamb Skewers (Steel Skewer),-0.5,12.28,Consumption Log,2025/10/11 23:55
Frozen Lamb Skewers (Steel Skewer),-0.98,11.3,Consumption Log,2025/10/11 23:55
Frozen Lamb Skewers (Steel Skewer),-0.03,11.27,Stocktake Loss,2025/10/12 12:10
Frozen Lamb Skewers (Steel Skewer),-1.98,9.29,Consumption Log,2025/10/12 23:32
Frozen Lamb Skewers (Steel Skewer),0.98,10.27,Stocktake Gain,2025/10/13 2:05
Frozen Lamb Skewers (Steel Skewer),-0.95,9.32,Consumption Log,2025/10/13 23:51
Frozen Lamb Skewers (Steel Skewer),-0.55,8.77,Stocktake Loss,2025/10/14 0:35
Frozen Lamb Skewers (Steel Skewer),-1.48,7.29,Consumption Log,2025/10/14 23:35
Frozen Lamb Skewers (Steel Skewer),-1.13,6.16,Consumption Log,2025/10/15 23:27
Frozen Lamb Skewers (Steel Skewer),10,16.16,Stock Receipt,2025/10/16 21:19
Frozen Lamb Skewers (Steel Skewer),-0.88,15.28,Consumption Log,2025/10/16 23:40
Frozen Lamb Skewers (Steel Skewer),-1.48,13.8,Consumption Log,2025/10/17 23:46
Frozen Lamb Skewers (Steel Skewer),-1.56,12.24,Stocktake Loss,2025/10/18 12:11
Frozen Lamb Skewers (Steel Skewer),-1.45,10.79,Consumption Log,2025/10/18 23:50
Frozen Lamb Skewers (Steel Skewer),0.85,11.64,Stocktake Gain,2025/10/19 11:59
Frozen Lamb Skewers (Steel Skewer),-2,9.64,Consumption Log,2025/10/19 23:52
Frozen Lamb Skewers (Steel Skewer),-0.4,9.24,Stocktake Loss,2025/10/20 22:25
Frozen Lamb Skewers (Steel Skewer),-0.73,8.51,Consumption Log,2025/10/21 8:18
Frozen Lamb Skewers (Steel Skewer),-1,7.51,Consumption Log,2025/10/21 23:43
Frozen Lamb Skewers (Steel Skewer),-0.28,7.23,Stocktake Loss,2025/10/22 14:25
Frozen Lamb Skewers (Steel Skewer),-0.25,6.98,Consumption Log,2025/10/22 23:22
Frozen Lamb Skewers (Steel Skewer),-1.25,5.73,Consumption Log,2025/10/23 23:55
Frozen Lamb Skewers (Steel Skewer),0.5,6.23,Stocktake Gain,2025/10/24 13:16
Frozen Lamb Skewers (Steel Skewer),-1.03,5.2,Consumption Log,2025/10/24 23:43
Frozen Lamb Skewers (Steel Skewer),-0.33,4.87,Stocktake Loss,2025/10/25 13:39
Frozen Lamb Skewers (Steel Skewer),-0.65,4.22,Stocktake Loss,2025/10/25 13:39
Frozen Lamb Skewers (Steel Skewer),-1.48,2.74,Consumption Log,2025/10/25 23:53
Frozen Lamb Skewers (Steel Skewer),-0.25,2.49,Consumption Log,2025/10/26 0:27
Frozen Lamb Skewers (Steel Skewer),0.73,3.22,Stocktake Gain,2025/10/26 18:01
Frozen Lamb Skewers (Steel Skewer),10,13.22,Stock Receipt,2025/10/26 22:03
Frozen Lamb Skewers (Steel Skewer),-0.08,13.14,Consumption Log,2025/10/26 23:59
Frozen Lamb Skewers (Steel Skewer),-0.3,12.84,Consumption Log,2025/10/26 23:59
Frozen Lamb Skewers (Steel Skewer),-0.88,11.96,Consumption Log,2025/10/26 23:59
Frozen Lamb Skewers (Steel Skewer),-1.43,10.53,Consumption Log,2025/10/27 0:05
Frozen Lamb Skewers (Steel Skewer),-0.35,10.18,Consumption Log,2025/10/27 23:03
Frozen Lamb Skewers (Steel Skewer),-0.83,9.35,Consumption Log,2025/10/29 0:26
Frozen Lamb Skewers (Steel Skewer),-0.15,9.2,Stocktake Loss,2025/10/29 1:10
Frozen Lamb Skewers (Steel Skewer),-1.2,8,Consumption Log,2025/10/29 23:38
Frozen Lamb Skewers (Steel Skewer),-1.8,6.2,Stocktake Loss,2025/10/30 9:40
Frozen Lamb Skewers (Steel Skewer),-0.43,5.77,Consumption Log,2025/10/30 23:46
Frozen Lamb Skewers (Steel Skewer),1.43,7.2,Stocktake Gain,2025/10/31 12:50
Frozen Lamb Skewers (Steel Skewer),10,17.2,Stock Receipt,2025/10/31 17:51
Frozen Lamb Skewers (Steel Skewer),-1.08,16.12,Consumption Log,2025/10/31 23:23
Frozen Lamb Skewers (Steel Skewer),1.08,17.2,Stocktake Gain,2025/11/1 0:27
Frozen Lamb Skewers (Steel Skewer),-2,15.2,Consumption Log,2025/11/1 23:33
Frozen Lamb Skewers (Steel Skewer),-0.45,14.75,Consumption Log,2025/11/2 23:23
Frozen Lamb Skewers (Steel Skewer),-1.5,13.25,Consumption Log,2025/11/2 23:23
Frozen Lamb Skewers (Steel Skewer),-1.63,11.62,Consumption Log,2025/11/3 23:56
Frozen Lamb Skewers (Steel Skewer),-0.2,11.42,Consumption Log,2025/11/4 23:45
Frozen Lamb Skewers (Steel Skewer),-0.33,11.09,Consumption Log,2025/11/5 0:09
Frozen Lamb Skewers (Steel Skewer),-1.1,9.99,Consumption Log,2025/11/6 0:06
Frozen Lamb Skewers (Steel Skewer),0.2,10.19,Stocktake Gain,2025/11/6 10:28
Frozen Lamb Skewers (Steel Skewer),-1.13,9.06,Consumption Log,2025/11/6 23:28
Frozen Lamb Skewers (Steel Skewer),0.13,9.19,Stocktake Gain,2025/11/7 8:46
Frozen Lamb Skewers (Steel Skewer),-0.83,8.36,Consumption Log,2025/11/7 23:24
Frozen Lamb Skewers (Steel Skewer),-0.13,8.23,Consumption Log,2025/11/8 0:51
Frozen Lamb Skewers (Steel Skewer),-2.78,5.45,Consumption Log,2025/11/8 23:52
Frozen Lamb Skewers (Steel Skewer),-0.4,5.05,Consumption Log,2025/11/9 23:30
Frozen Lamb Skewers (Steel Skewer),-0.53,4.52,Consumption Log,2025/11/9 23:30
Frozen Lamb Skewers (Steel Skewer),-0.98,3.54,Consumption Log,2025/11/9 23:30
Frozen Lamb Skewers (Steel Skewer),-0.13,3.41,Consumption Log,2025/11/10 23:57
Frozen Lamb Skewers (Steel Skewer),-0.33,3.08,Consumption Log,2025/11/10 23:57
Frozen Lamb Skewers (Steel Skewer),-0.5,2.58,Consumption Log,2025/11/10 23:57
Frozen Lamb Skewers (Steel Skewer),-0.43,2.15,Stocktake Loss,2025/11/11 9:54
Frozen Lamb Skewers (Steel Skewer),10,12.15,Stock Receipt,2025/11/11 20:37
Frozen Lamb Skewers (Steel Skewer),-0.15,12,Consumption Log,2025/11/11 23:51
Frozen Lamb Skewers (Steel Skewer),-0.18,11.82,Consumption Log,2025/11/11 23:51
Frozen Lamb Skewers (Steel Skewer),-0.33,11.49,Consumption Log,2025/11/11 23:51
Frozen Lamb Skewers (Steel Skewer),-0.35,11.14,Stocktake Loss,2025/11/12 9:53
Frozen Lamb Skewers (Steel Skewer),-1.03,10.11,Consumption Log,2025/11/12 23:20
Frozen Lamb Skewers (Steel Skewer),0.03,10.14,Stocktake Gain,2025/11/13 10:13
Frozen Lamb Skewers (Steel Skewer),-0.53,9.61,Consumption Log,2025/11/13 23:28
Frozen Lamb Skewers (Steel Skewer),-1.48,8.13,Stocktake Loss,2025/11/14 10:25
Frozen Lamb Skewers (Steel Skewer),-2.28,5.85,Consumption Log,2025/11/14 23:47
Frozen Lamb Skewers (Steel Skewer),2.28,8.13,Stocktake Gain,2025/11/15 12:03
Frozen Lamb Skewers (Steel Skewer),-1.58,6.55,Consumption Log,2025/11/15 23:57
Frozen Lamb Skewers (Steel Skewer),-1.43,5.12,Stocktake Loss,2025/11/16 9:17
Frozen Lamb Skewers (Steel Skewer),10,15.12,Stock Receipt,2025/11/16 22:27
Frozen Lamb Skewers (Steel Skewer),-0.08,15.04,Consumption Log,2025/11/16 23:50
Frozen Lamb Skewers (Steel Skewer),-0.13,14.91,Consumption Log,2025/11/16 23:50
Frozen Lamb Skewers (Steel Skewer),-1.2,13.71,Consumption Log,2025/11/16 23:50
Frozen Lamb Skewers (Steel Skewer),-0.6,13.11,Stocktake Loss,2025/11/17 8:53
Frozen Lamb Skewers (Steel Skewer),-0.6,12.51,Consumption Log,2025/11/17 23:06
Frozen Lamb Skewers (Steel Skewer),-3.4,9.11,Stocktake Loss,2025/11/18 10:12
Frozen Lamb Skewers (Steel Skewer),-0.28,8.83,Consumption Log,2025/11/18 23:49
Frozen Lamb Skewers (Steel Skewer),-0.15,8.68,Consumption Log,2025/11/19 0:52
Frozen Lamb Skewers (Steel Skewer),-0.9,7.78,Consumption Log,2025/11/19 23:50
Frozen Lamb Skewers (Steel Skewer),-0.95,6.83,Consumption Log,2025/11/20 23:57
Frozen Lamb Skewers (Steel Skewer),5.28,12.11,Stocktake Gain,2025/11/21 12:03
Frozen Lamb Skewers (Steel Skewer),-1.8,10.31,Consumption Log,2025/11/21 23:34
Frozen Lamb Skewers (Steel Skewer),-1.2,9.11,Stocktake Loss,2025/11/22 21:00
Frozen Lamb Skewers (Steel Skewer),-0.43,8.68,Consumption Log,2025/11/22 23:32
Frozen Lamb Skewers (Steel Skewer),-0.13,8.55,Consumption Log,2025/11/23 0:11
Frozen Lamb Skewers (Steel Skewer),-0.6,7.95,Consumption Log,2025/11/23 0:11
Frozen Lamb Skewers (Steel Skewer),-1.08,6.87,Consumption Log,2025/11/23 0:11
Frozen Lamb Skewers (Steel Skewer),-0.03,6.84,Consumption Log,2025/11/23 23:59
Frozen Lamb Skewers (Steel Skewer),-0.08,6.76,Consumption Log,2025/11/23 23:59
Frozen Lamb Skewers (Steel Skewer),-0.13,6.63,Consumption Log,2025/11/23 23:59
Frozen Lamb Skewers (Steel Skewer),-1.48,5.15,Consumption Log,2025/11/23 23:59
Frozen Lamb Skewers (Steel Skewer),-0.08,5.07,Stocktake Loss,2025/11/24 13:11
Frozen Lamb Skewers (Steel Skewer),-0.13,4.94,Consumption Log,2025/11/24 23:59
Frozen Lamb Skewers (Steel Skewer),-0.73,4.21,Consumption Log,2025/11/24 23:59
Frozen Lamb Skewers (Steel Skewer),-0.65,3.56,Consumption Log,2025/11/25 22:45
Frozen Lamb Skewers (Steel Skewer),-0.5,3.06,Stocktake Loss,2025/11/26 11:48
Frozen Lamb Skewers (Steel Skewer),10,13.06,Stock Receipt,2025/11/26 20:21
Frozen Lamb Skewers (Steel Skewer),-0.13,12.93,Consumption Log,2025/11/26 23:35
Frozen Lamb Skewers (Steel Skewer),-0.45,12.48,Consumption Log,2025/11/26 23:35
Frozen Lamb Skewers (Steel Skewer),-6.43,6.05,Stocktake Loss,2025/11/27 12:43
Frozen Lamb Skewers (Steel Skewer),-1.15,4.9,Consumption Log,2025/11/27 22:42
Frozen Lamb Skewers (Steel Skewer),4.15,9.05,Stocktake Gain,2025/11/28 9:22
Frozen Lamb Skewers (Steel Skewer),-0.95,8.1,Consumption Log,2025/11/28 23:57
Frozen Lamb Skewers (Steel Skewer),2.95,11.05,Stocktake Gain,2025/11/29 9:40
Frozen Lamb Skewers (Steel Skewer),-1.35,9.7,Consumption Log,2025/11/29 23:58
Frozen Lamb Skewers (Steel Skewer),-1.98,7.72,Consumption Log,2025/11/29 23:58
Frozen Lamb Skewers (Steel Skewer),-0.68,7.04,Stocktake Loss,2025/11/30 9:32
Frozen Lamb Skewers (Steel Skewer),-0.9,6.14,Consumption Log,2025/11/30 22:32
Frozen Lamb Skewers (Steel Skewer),-1.38,4.76,Consumption Log,2025/11/30 22:32
Frozen Lamb Skewers (Steel Skewer),-0.95,3.81,Stocktake Loss,2025/11/30 23:52
Frozen Lamb Skewers (Steel Skewer),-2.78,1.03,Stocktake Loss,2025/11/30 23:52
Frozen Lamb Skewers (Steel Skewer),-0.5,0.53,Consumption Log,2025/12/1 23:49
Frozen Lamb Skewers (Steel Skewer),4.5,5.03,Stocktake Gain,2025/12/2 3:20
Frozen Lamb Skewers (Steel Skewer),10,15.03,Stock Receipt,2025/12/2 13:59
Frozen Lamb Skewers (Steel Skewer),-1,14.03,Consumption Log,2025/12/2 23:23
Frozen Lamb Skewers (Steel Skewer),-0.15,13.88,Consumption Log,2025/12/3 0:30
Frozen Lamb Skewers (Steel Skewer),-1.85,12.03,Stocktake Loss,2025/12/3 21:26
Frozen Lamb Skewers (Steel Skewer),-1.03,11,Consumption Log,2025/12/3 23:11
Frozen Lamb Skewers (Steel Skewer),-1.6,9.4,Consumption Log,2025/12/4 22:26
Frozen Lamb Skewers (Steel Skewer),-0.5,8.9,Stocktake Loss,2025/12/5 11:47
Frozen Lamb Skewers (Steel Skewer),-1.5,7.4,Stocktake Loss,2025/12/5 11:47
Frozen Lamb Skewers (Steel Skewer),-4.38,3.02,Stocktake Loss,2025/12/5 11:47
Frozen Lamb Skewers (Steel Skewer),10,13.02,Stock Receipt,2025/12/5 23:02
Frozen Lamb Skewers (Steel Skewer),-2.25,10.77,Consumption Log,2025/12/5 23:37
Frozen Lamb Skewers (Steel Skewer),6.25,17.02,Stocktake Gain,2025/12/6 10:28
Frozen Lamb Skewers (Steel Skewer),-3.48,13.54,Consumption Log,2025/12/6 23:49
Frozen Lamb Skewers (Steel Skewer),-0.53,13.01,Stocktake Loss,2025/12/7 9:56
Frozen Lamb Skewers (Steel Skewer),-2.6,10.41,Consumption Log,2025/12/7 23:01
Frozen Lamb Skewers (Steel Skewer),2.6,13.01,Stocktake Gain,2025/12/8 20:53
Frozen Lamb Skewers (Steel Skewer),-1.28,11.73,Consumption Log,2025/12/8 22:33
Frozen Lamb Skewers (Steel Skewer),-0.6,11.13,Stocktake Loss,2025/12/9 14:18
Frozen Lamb Skewers (Steel Skewer),-2.13,9,Stocktake Loss,2025/12/9 14:18
Frozen Lamb Skewers (Steel Skewer),-0.85,8.15,Consumption Log,2025/12/9 22:33
Frozen Lamb Skewers (Steel Skewer),-0.3,7.85,Consumption Log,2025/12/10 22:31
Frozen Lamb Skewers (Steel Skewer),-0.3,7.55,Consumption Log,2025/12/10 22:31
Frozen Lamb Skewers (Steel Skewer),1.45,9,Stocktake Gain,2025/12/11 21:59
Frozen Lamb Skewers (Steel Skewer),-1.35,7.65,Consumption Log,2025/12/11 22:31
Frozen Lamb Skewers (Steel Skewer),1.35,9,Stocktake Gain,2025/12/11 23:58
Frozen Lamb Skewers (Steel Skewer),-0.78,8.22,Consumption Log,2025/12/12 23:29
Frozen Lamb Skewers (Steel Skewer),-3.23,4.99,Consumption Log,2025/12/13 23:34
Frozen Lamb Skewers (Steel Skewer),-0.6,4.39,Consumption Log,2025/12/14 23:38
Frozen Lamb Skewers (Steel Skewer),-1.5,2.89,Consumption Log,2025/12/14 23:38
Frozen Lamb Skewers (Steel Skewer),-0.8,2.09,Stocktake Loss,2025/12/15 13:18
Frozen Lamb Skewers (Steel Skewer),-1.1,0.99,Stocktake Loss,2025/12/15 13:18
Frozen Lamb Skewers (Steel Skewer),10,10.99,Stock Receipt,2025/12/15 22:14
Frozen Lamb Skewers (Steel Skewer),-0.65,10.34,Consumption Log,2025/12/15 22:40
Frozen Lamb Skewers (Steel Skewer),-0.93,9.41,Consumption Log,2025/12/15 22:40
Frozen Lamb Skewers (Steel Skewer),-1.28,8.13,Consumption Log,2025/12/16 22:38
Frozen Lamb Skewers (Steel Skewer),-1.1,7.03,Consumption Log,2025/12/17 23:04
Frozen Lamb Skewers (Steel Skewer),3.95,10.98,Stocktake Gain,2025/12/18 3:04
Frozen Lamb Skewers (Steel Skewer),-1.33,9.65,Consumption Log,2025/12/18 22:20
Frozen Lamb Skewers (Steel Skewer),-1.45,8.2,Consumption Log,2025/12/19 23:54
Frozen Lamb Skewers (Steel Skewer),-3.23,4.97,Stocktake Loss,2025/12/20 14:04
Frozen Lamb Skewers (Steel Skewer),-0.23,4.74,Consumption Log,2025/12/20 23:13
Frozen Lamb Skewers (Steel Skewer),-1.63,3.11,Consumption Log,2025/12/20 23:13
Frozen Lamb Skewers (Steel Skewer),-0.2,2.91,Consumption Log,2025/12/21 9:41
Frozen Lamb Skewers (Steel Skewer),-0.45,2.46,Consumption Log,2025/12/21 9:41
Frozen Lamb Skewers (Steel Skewer),-3.5,-1.04,Consumption Log,2025/12/21 22:24
Frozen Lamb Skewers (Steel Skewer),10,8.96,Stock Receipt,2025/12/21 22:42
Frozen Lamb Skewers (Steel Skewer),-1.3,7.66,Consumption Log,2025/12/22 23:53
Frozen Lamb Skewers (Steel Skewer),0.3,7.96,Stocktake Gain,2025/12/23 15:05
Frozen Lamb Skewers (Steel Skewer),-1.35,6.61,Consumption Log,2025/12/23 22:51
Frozen Lamb Skewers (Steel Skewer),-0.65,5.96,Stocktake Loss,2025/12/24 11:30
Frozen Lamb Skewers (Steel Skewer),-1.65,4.31,Consumption Log,2025/12/24 22:32
Frozen Lamb Skewers (Steel Skewer),-0.78,3.53,Consumption Log,2025/12/25 22:57
Frozen Lamb Skewers (Steel Skewer),10,13.53,Stock Receipt,2025/12/26 22:09
Frozen Lamb Skewers (Steel Skewer),-1.1,12.43,Consumption Log,2025/12/26 23:23
Frozen Lamb Skewers (Steel Skewer),-0.3,12.13,Stocktake Loss,2025/12/27 22:33
Frozen Lamb Skewers (Steel Skewer),-3.18,8.95,Stocktake Loss,2025/12/27 22:33
Frozen Lamb Skewers (Steel Skewer),-10,-1.05,Stocktake Loss,2025/12/27 22:33
Frozen Lamb Skewers (Steel Skewer),10,8.95,Stocktake Gain,2025/12/28 21:39
Frozen Lamb Skewers (Steel Skewer),-2.53,6.42,Consumption Log,2025/12/28 22:51
Frozen Lamb Skewers (Steel Skewer),1.53,7.95,Stocktake Gain,2025/12/29 15:43
Frozen Lamb Skewers (Steel Skewer),-1.4,6.55,Consumption Log,2025/12/29 22:30
Frozen Lamb Skewers (Steel Skewer),-2.23,4.32,Consumption Log,2025/12/30 22:38
Frozen Lamb Skewers (Steel Skewer),-0.38,3.94,Stocktake Loss,2025/12/31 9:24
Frozen Lamb Skewers (Steel Skewer),10,13.94,Stock Receipt,2025/12/31 13:06
Frozen Lamb Skewers (Steel Skewer),-3.13,10.81,Consumption Log,2025/12/31 23:56
Frozen Lamb Skewers (Steel Skewer),-0.3,10.51,Consumption Log,2026/1/1 0:56
Frozen Lamb Skewers (Steel Skewer),-0.58,9.93,Stocktake Loss,2026/1/1 1:59
Frozen Lamb Skewers (Steel Skewer),-4,5.93,Consumption Log,2026/1/1 23:35
Frozen Lamb Skewers (Steel Skewer),-0.93,5,Consumption Log,2026/1/2 23:44
Frozen Lamb Skewers (Steel Skewer),-2,3,Consumption Log,2026/1/2 23:44
Frozen Lamb Skewers (Steel Skewer),0.93,3.93,Stocktake Gain,2026/1/3 22:41
Frozen Lamb Skewers (Steel Skewer),10,13.93,Stock Receipt,2026/1/3 22:44
Frozen Lamb Skewers (Steel Skewer),-2.8,11.13,Consumption Log,2026/1/3 23:36
Frozen Lamb Skewers (Steel Skewer),-1.2,9.93,Consumption Log,2026/1/4 23:02
Frozen Lamb Skewers (Steel Skewer),-3,6.93,Stocktake Loss,2026/1/5 9:56
Frozen Lamb Skewers (Steel Skewer),-0.9,6.03,Consumption Log,2026/1/5 21:46
Frozen Lamb Skewers (Steel Skewer),1.4,7.43,Stocktake Gain,2026/1/6 12:21
Frozen Lamb Skewers (Steel Skewer),-0.75,6.68,Consumption Log,2026/1/6 22:29
Frozen Lamb Skewers (Steel Skewer),0.75,7.43,Stocktake Gain,2026/1/7 20:14
Frozen Lamb Skewers (Steel Skewer),10,17.43,Stock Receipt,2026/1/7 21:10
Frozen Lamb Skewers (Steel Skewer),-0.25,17.18,Consumption Log,2026/1/7 22:28
Frozen Lamb Skewers (Steel Skewer),-1.35,15.83,Consumption Log,2026/1/7 22:28
Frozen Lamb Skewers (Steel Skewer),1.1,16.93,Stocktake Gain,2026/1/8 21:28
Frozen Lamb Skewers (Steel Skewer),-1.3,15.63,Consumption Log,2026/1/8 22:24
Frozen Lamb Skewers (Steel Skewer),-1.7,13.93,Stocktake Loss,2026/1/9 11:21
Frozen Lamb Skewers (Steel Skewer),-1.75,12.18,Consumption Log,2026/1/9 22:41
Frozen Lamb Skewers (Steel Skewer),-0.25,11.93,Stocktake Loss,2026/1/10 21:36
Frozen Lamb Skewers (Steel Skewer),-1.33,10.6,Consumption Log,2026/1/10 23:52
Frozen Lamb Skewers (Steel Skewer),0.33,10.93,Stocktake Gain,2026/1/11 9:34
Frozen Lamb Skewers (Steel Skewer),-3,7.93,Consumption Log,2026/1/11 22:59
Frozen Lamb Skewers (Steel Skewer),5,12.93,Stocktake Gain,2026/1/12 22:13
Frozen Lamb Skewers (Steel Skewer),-0.25,12.68,Consumption Log,2026/1/12 22:39
Frozen Lamb Skewers (Steel Skewer),-0.43,12.25,Consumption Log,2026/1/12 22:39
Frozen Lamb Skewers (Steel Skewer),-0.5,11.75,Stocktake Loss,2026/1/13 12:32
Frozen Lamb Skewers (Steel Skewer),-1.53,10.22,Stocktake Loss,2026/1/13 12:32
Frozen Lamb Skewers (Steel Skewer),-2.3,7.92,Stocktake Loss,2026/1/13 12:32
Frozen Lamb Skewers (Steel Skewer),-0.43,7.49,Consumption Log,2026/1/13 22:50
Frozen Lamb Skewers (Steel Skewer),-1.35,6.14,Consumption Log,2026/1/13 22:50
Frozen Lamb Skewers (Steel Skewer),0.28,6.42,Stocktake Gain,2026/1/14 1:07
Frozen Lamb Skewers (Steel Skewer),-0.05,6.37,Consumption Log,2026/1/14 22:34
Frozen Lamb Skewers (Steel Skewer),-0.05,6.32,Consumption Log,2026/1/14 22:34
Frozen Lamb Skewers (Steel Skewer),-0.75,5.57,Consumption Log,2026/1/14 22:34
Frozen Lamb Skewers (Steel Skewer),-0.85,4.72,Stocktake Loss,2026/1/15 9:45
Frozen Lamb Skewers (Steel Skewer),10,14.72,Stock Receipt,2026/1/15 22:04
Frozen Lamb Skewers (Steel Skewer),-0.05,14.67,Consumption Log,2026/1/15 22:36
Frozen Lamb Skewers (Steel Skewer),-0.2,14.47,Consumption Log,2026/1/15 22:36
Frozen Lamb Skewers (Steel Skewer),-0.33,14.14,Consumption Log,2026/1/15 22:36
Frozen Lamb Skewers (Steel Skewer),-1.53,12.61,Consumption Log,2026/1/15 22:36
Frozen Lamb Skewers (Steel Skewer),-0.7,11.91,Stocktake Loss,2026/1/16 17:50
Frozen Lamb Skewers (Steel Skewer),-1.6,10.31,Consumption Log,2026/1/16 22:54
Frozen Lamb Skewers (Steel Skewer),-0.4,9.91,Stocktake Loss,2026/1/17 1:01
Frozen Lamb Skewers (Steel Skewer),-2.43,7.48,Consumption Log,2026/1/17 23:06
Frozen Lamb Skewers (Steel Skewer),0.43,7.91,Stocktake Gain,2026/1/18 9:28
Frozen Lamb Skewers (Steel Skewer),-1.55,6.36,Consumption Log,2026/1/18 22:46
Frozen Lamb Skewers (Steel Skewer),-0.5,5.86,Consumption Log,2026/1/19 22:31
Frozen Lamb Skewers (Steel Skewer),0.05,5.91,Stocktake Gain,2026/1/20 21:50
Frozen Lamb Skewers (Steel Skewer),-1.53,4.38,Consumption Log,2026/1/20 22:31
Frozen Lamb Skewers (Steel Skewer),0.53,4.91,Stocktake Gain,2026/1/21 11:40
Frozen Lamb Skewers (Steel Skewer),-0.1,4.81,Consumption Log,2026/1/21 12:51
Frozen Lamb Skewers (Steel Skewer),-0.15,4.66,Consumption Log,2026/1/21 12:57
Frozen Lamb Skewers (Steel Skewer),-0.05,4.61,Consumption Log,2026/1/21 13:27
Frozen Lamb Skewers (Steel Skewer),0,0,,2025/4/30 23:10
Frozen Lamb Skewers (Steel Skewer),1,1,Stock Requisition,2025/9/29 22:14
Frozen Lamb Skewers (Steel Skewer),-1,0,Consumption Log,2025/9/29 22:14
